"May 9, 2020 @ 06:01:21.865","七牛压缩成功","101,745","a928dfccb2462dff7839e7ca5a9847e1_1589004057718-watermark","57,361","a928dfccb2462dff7839e7ca5a9847e1_1589004057718-watermark-compress"
"May 9, 2020 @ 06:01:21.559","七牛压缩成功","100,198","c3ed9784291970ab_1589004072070510456315-watermark","56,671","c3ed9784291970ab_1589004072070510456315-watermark-compress"
"May 9, 2020 @ 05:54:34.008","七牛压缩成功","101,200","987bc04c7701f52a05fac96812edc59f_1589003669582-watermark","33,368","987bc04c7701f52a05fac96812edc59f_1589003669582-watermark-compress"
"May 9, 2020 @ 05:51:38.709","七牛压缩成功","101,256","ba30d3f08d251811f23acf6446a07341_1589003491304","90,575","ba30d3f08d251811f23acf6446a07341_1589003491304-compress"
"May 9, 2020 @ 05:33:17.517","七牛压缩成功","100,194","165d855aafe25bdd3723f434a85158af_1589002388526","100,176","165d855aafe25bdd3723f434a85158af_1589002388526-compress"
"May 9, 2020 @ 05:29:55.404","七牛压缩成功","102,114","94210ea4fa0f9067621b2b5e40f7a912_1589002176406-watermark","83,269","94210ea4fa0f9067621b2b5e40f7a912_1589002176406-watermark-compress"
"May 9, 2020 @ 05:12:07.591","七牛压缩成功","100,900","05358176296812ec7ce190864cf3ec68_1589001121009","73,745","05358176296812ec7ce190864cf3ec68_1589001121009-compress"
"May 9, 2020 @ 05:10:36.620","七牛压缩成功","100,039","ee6ebfde07974a17_1589000994428299446595-watermark","52,532","ee6ebfde07974a17_1589000994428299446595-watermark-compress"
"May 9, 2020 @ 05:10:36.500","七牛压缩成功","101,957","ee6ebfde07974a17_1589000996750855571996-watermark","54,207","ee6ebfde07974a17_1589000996750855571996-watermark-compress"
"May 9, 2020 @ 05:10:19.984","七牛压缩成功","101,795","366f03e89542d838754ccd710b72f530_1589001010314-watermark","32,179","366f03e89542d838754ccd710b72f530_1589001010314-watermark-compress"
"May 9, 2020 @ 05:06:31.072","七牛压缩成功","100,194","165d855aafe25bdd3723f434a85158af_1589000758853","100,176","165d855aafe25bdd3723f434a85158af_1589000758853-compress"
"May 9, 2020 @ 05:04:42.100","七牛压缩成功","101,222","1d0e885a7749c26a0a4c0e0d27f955fe_1589000671174-watermark","60,346","1d0e885a7749c26a0a4c0e0d27f955fe_1589000671174-watermark-compress"
"May 9, 2020 @ 04:48:15.330","七牛压缩成功","101,965","0eb90be0ca7b26b4f5867bdf3d56af16_1588999687855-watermark","101,094","0eb90be0ca7b26b4f5867bdf3d56af16_1588999687855-watermark-compress"
"May 9, 2020 @ 04:44:17.625","七牛压缩成功","100,993","1ac08c085345a3e1cb82e725c99617e9_1588999441974-watermark","66,568","1ac08c085345a3e1cb82e725c99617e9_1588999441974-watermark-compress"
"May 9, 2020 @ 04:28:58.525","七牛压缩成功","102,010","c71dcb3becfde810acc0f7f4fc1012b5_1588998528765-watermark","77,910","c71dcb3becfde810acc0f7f4fc1012b5_1588998528765-watermark-compress"
"May 9, 2020 @ 04:15:52.533","七牛压缩成功","102,266","4d3ec72ed030745d_1588997703762919611428-watermark","51,156","4d3ec72ed030745d_1588997703762919611428-watermark-compress"
"May 9, 2020 @ 04:02:38.861","七牛压缩成功","101,914","642d34aae2475759_1588996935205437768046-watermark","69,117","642d34aae2475759_1588996935205437768046-watermark-compress"
"May 9, 2020 @ 03:30:59.858","七牛压缩成功","100,295","653803733c63e6ea4888a35f5d774cff_1588995048088-watermark","99,045","653803733c63e6ea4888a35f5d774cff_1588995048088-watermark-compress"
"May 9, 2020 @ 03:27:02.807","七牛压缩成功","101,262","56693253144fefe398df42136798cde8_1588994811700-watermark","57,944","56693253144fefe398df42136798cde8_1588994811700-watermark-compress"
"May 9, 2020 @ 03:05:21.867","七牛压缩成功","100,626","7f5e5b180283515d5c89f81aa010b589_1588993490637-watermark","77,769","7f5e5b180283515d5c89f81aa010b589_1588993490637-watermark-compress"
"May 9, 2020 @ 03:05:21.124","七牛压缩成功","100,210","72b3ece70c943555825f29db8604832d_1588993505079-watermark","89,879","72b3ece70c943555825f29db8604832d_1588993505079-watermark-compress"
"May 9, 2020 @ 03:05:14.059","七牛压缩成功","100,010","89aa9538vodgzp1400077015-fb716a605285890802800646310-5285890802800646312.png","18,348","89aa9538vodgzp1400077015-fb716a605285890802800646310-5285890802800646312-compress"
"May 9, 2020 @ 03:04:21.593","七牛压缩成功","101,404","b849ba82e9642cee971bb2973c5ac2f0_1588993449331-watermark","59,682","b849ba82e9642cee971bb2973c5ac2f0_1588993449331-watermark-compress"
"May 9, 2020 @ 02:58:53.951","七牛压缩成功","101,874","ed7f50a4c1a2943dffcc74a314a872ba_1588993127116-watermark","54,710","ed7f50a4c1a2943dffcc74a314a872ba_1588993127116-watermark-compress"
"May 9, 2020 @ 02:58:19.452","七牛压缩成功","100,137","81aaed5d9174a4be7d535b64e7822f89_1588993085305-watermark","49,005","81aaed5d9174a4be7d535b64e7822f89_1588993085305-watermark-compress"
"May 9, 2020 @ 02:51:50.522","七牛压缩成功","100,607","eb944a81736553a724ef4ccb89c8ab4c_1588992704566-watermark","89,922","eb944a81736553a724ef4ccb89c8ab4c_1588992704566-watermark-compress"
"May 9, 2020 @ 02:50:42.152","七牛压缩成功","101,797","95b8f440898dc0fb1104eee07c95313a_1588992630085-watermark","47,011","95b8f440898dc0fb1104eee07c95313a_1588992630085-watermark-compress"
"May 9, 2020 @ 02:44:24.252","七牛压缩成功","101,598","5ff78f1488a0f856bda5afa6628c7730_1588992247156","27,524","5ff78f1488a0f856bda5afa6628c7730_1588992247156-compress"
"May 9, 2020 @ 02:21:35.752","七牛压缩成功","101,119","aaee725a50cfbe79702716169019f6a7_1588990874961-watermark","59,232","aaee725a50cfbe79702716169019f6a7_1588990874961-watermark-compress"
"May 9, 2020 @ 02:19:53.149","七牛压缩成功","101,469","1545a35d645fa57411731773671e5be2_1588990780101-watermark","55,969","1545a35d645fa57411731773671e5be2_1588990780101-watermark-compress"
"May 9, 2020 @ 02:01:45.440","七牛压缩成功","101,404","b849ba82e9642cee971bb2973c5ac2f0_1588989683820-watermark","59,682","b849ba82e9642cee971bb2973c5ac2f0_1588989683820-watermark-compress"
"May 9, 2020 @ 01:56:25.005","七牛压缩成功","100,919","d4e865d1996792e985bd7dbe91a5a58a_1588989363982-watermark","89,694","d4e865d1996792e985bd7dbe91a5a58a_1588989363982-watermark-compress"
"May 9, 2020 @ 01:25:59.167","七牛压缩成功","101,443","09cb454ea548788c0ae10c08387fbbe2_1588987557765-watermark","47,441","09cb454ea548788c0ae10c08387fbbe2_1588987557765-watermark-compress"
"May 9, 2020 @ 01:25:59.088","七牛压缩成功","101,431","aba955e84a9610fed1476af2f26fabac_1588987557774-watermark","47,830","aba955e84a9610fed1476af2f26fabac_1588987557774-watermark-compress"
"May 9, 2020 @ 01:20:03.525","七牛压缩成功","101,141","9d1561c28dfedd8c5d7d556134f70936_1588987180961-watermark","49,662","9d1561c28dfedd8c5d7d556134f70936_1588987180961-watermark-compress"
"May 9, 2020 @ 01:11:13.610","七牛压缩成功","101,970","c8c9d4aabf00834c08a57a55afc3f2d0_1588986660740-watermark","82,187","c8c9d4aabf00834c08a57a55afc3f2d0_1588986660740-watermark-compress"
"May 9, 2020 @ 01:11:13.602","七牛压缩成功","101,970","c8c9d4aabf00834c08a57a55afc3f2d0_1588986660740-watermark","82,187","c8c9d4aabf00834c08a57a55afc3f2d0_1588986660740-watermark-compress"
"May 9, 2020 @ 01:08:48.924","七牛压缩成功","102,038","7943458e4368390c_158898652409371091178-watermark","50,195","7943458e4368390c_158898652409371091178-watermark-compress"
"May 9, 2020 @ 00:48:25.605","七牛压缩成功","101,013","ec80e658ad9e55947ae5d01079e6ff99_1588985266652-watermark","85,785","ec80e658ad9e55947ae5d01079e6ff99_1588985266652-watermark-compress"
"May 9, 2020 @ 00:21:58.530","七牛压缩成功","101,983","8a79647a4bec583a22cc41725c12799f_1588983706732-watermark","40,242","8a79647a4bec583a22cc41725c12799f_1588983706732-watermark-compress"
"May 9, 2020 @ 00:13:22.702","七牛压缩成功","101,850","d1b646aa81a9d8b6a0540dadb193d396_1588983181073-watermark","57,735","d1b646aa81a9d8b6a0540dadb193d396_1588983181073-watermark-compress"
"May 9, 2020 @ 00:10:41.383","七牛压缩成功","100,454","b4f6b52c81f7de8033a78e14d62ea686_1588983037096-watermark","59,143","b4f6b52c81f7de8033a78e14d62ea686_1588983037096-watermark-compress"
"May 9, 2020 @ 00:06:04.175","七牛压缩成功","100,179","7498e1b4d4b7b714e96d915c9a86c9aa_1588982749468-watermark","58,679","7498e1b4d4b7b714e96d915c9a86c9aa_1588982749468-watermark-compress"
"May 9, 2020 @ 00:00:52.031","七牛压缩成功","100,878","6081b6ac880cec38e8e7d67f268f5156_1588982443623-watermark","63,171","6081b6ac880cec38e8e7d67f268f5156_1588982443623-watermark-compress"
"May 8, 2020 @ 23:47:13.609","七牛压缩成功","101,249","9441de5965705dde_1588981621346267525066-watermark","46,439","9441de5965705dde_1588981621346267525066-watermark-compress"
"May 8, 2020 @ 23:47:03.729","七牛压缩成功","100,964","b695bbbefe8a41842409c43c30beb0dd_1588981603946-watermark","79,542","b695bbbefe8a41842409c43c30beb0dd_1588981603946-watermark-compress"
"May 8, 2020 @ 17:38:23.688","七牛压缩成功","100,806","636e275d1c165653723925072ab25d51_1588959490969","93,211","636e275d1c165653723925072ab25d51_1588959490969-compress"
"May 8, 2020 @ 17:04:36.700","七牛压缩成功","100,581","290fd1f8842d23ec925792b5b6455c89_1588957472198","51,118","290fd1f8842d23ec925792b5b6455c89_1588957472198-compress"
"May 8, 2020 @ 17:01:39.202","七牛压缩成功","100,581","290fd1f8842d23ec925792b5b6455c89_1588957294746","51,118","290fd1f8842d23ec925792b5b6455c89_1588957294746-compress"
"May 8, 2020 @ 16:54:12.493","七牛压缩成功","100,859","8a19638694ed67440eb9b9cd492c7f6a_1588956835288-watermark","81,481","8a19638694ed67440eb9b9cd492c7f6a_1588956835288-watermark-compress"
"May 8, 2020 @ 16:50:47.845","七牛压缩成功","102,350","b3167b5485b949fe90b1bba343938bb8_1588956633008-watermark","50,818","b3167b5485b949fe90b1bba343938bb8_1588956633008-watermark-compress"
"May 8, 2020 @ 16:40:15.935","七牛压缩成功","100,859","8a19638694ed67440eb9b9cd492c7f6a_1588955997498-watermark","81,481","8a19638694ed67440eb9b9cd492c7f6a_1588955997498-watermark-compress"
"May 8, 2020 @ 16:25:18.990","七牛压缩成功","100,243","2c4f4f4b79832ab0e508018b9d3390e0_1588955112836-watermark","100,239","2c4f4f4b79832ab0e508018b9d3390e0_1588955112836-watermark-compress"
"May 8, 2020 @ 16:10:14.941","七牛压缩成功","101,222","77b49af3a48e01aeebcf2a507f9f80c2_1588954212623-watermark","63,829","77b49af3a48e01aeebcf2a507f9f80c2_1588954212623-watermark-compress"
"May 8, 2020 @ 16:05:03.920","七牛压缩成功","100,651","ef0828a45dbd513ac02c660889012948_1588953885874-watermark","90,377","ef0828a45dbd513ac02c660889012948_1588953885874-watermark-compress"
"May 8, 2020 @ 15:59:08.551","七牛压缩成功","100,415","8fe6f337cce883fffcdf0811fbb4c145_1588953534285-watermark","48,286","8fe6f337cce883fffcdf0811fbb4c145_1588953534285-watermark-compress"
"May 8, 2020 @ 15:58:09.501","七牛压缩成功","100,415","8fe6f337cce883fffcdf0811fbb4c145_1588953479104-watermark","48,286","8fe6f337cce883fffcdf0811fbb4c145_1588953479104-watermark-compress"
"May 8, 2020 @ 15:57:18.735","七牛压缩成功","102,171","da0457a02d908d9a683de9709f624b94_1588953426509-watermark","102,139","da0457a02d908d9a683de9709f624b94_1588953426509-watermark-compress"
"May 8, 2020 @ 15:50:34.099","七牛压缩成功","101,889","6c39f8b401a2b6dfd31b3d9322182d3e_1588953004935-watermark","91,632","6c39f8b401a2b6dfd31b3d9322182d3e_1588953004935-watermark-compress"
"May 8, 2020 @ 15:05:14.591","七牛压缩成功","101,417","cd96e5a3e99887a6ac8807efafc93b83_1588950295414-watermark","89,978","cd96e5a3e99887a6ac8807efafc93b83_1588950295414-watermark-compress"
"May 8, 2020 @ 15:05:14.026","七牛压缩成功","101,519","1b7cdab163fdf6b729a9707a3c2c70a8_1588950295415-watermark","16,580","1b7cdab163fdf6b729a9707a3c2c70a8_1588950295415-watermark-compress"
"May 8, 2020 @ 14:56:41.141","七牛压缩成功","101,980","4b4cb9e11dca1bc55c86ea4befa46531_1588949787943-watermark","55,440","4b4cb9e11dca1bc55c86ea4befa46531_1588949787943-watermark-compress"
"May 8, 2020 @ 14:55:48.737","七牛压缩成功","100,184","53b6d3803d3974ab195612bd64aec145_1588949733259-watermark","54,139","53b6d3803d3974ab195612bd64aec145_1588949733259-watermark-compress"
"May 8, 2020 @ 14:42:17.550","七牛压缩成功","100,161","0279a2f07deec9cc0f263529102592d6_1588948916926-watermark","74,866","0279a2f07deec9cc0f263529102592d6_1588948916926-watermark-compress"
"May 8, 2020 @ 14:36:31.730","七牛压缩成功","100,752","b32ee382a9a22c806246a75e8eb515ac_1588948579719-watermark","75,503","b32ee382a9a22c806246a75e8eb515ac_1588948579719-watermark-compress"
"May 8, 2020 @ 14:36:31.691","七牛压缩成功","101,318","17f4da6d9c86561d788378a32e695db8_1588948579732-watermark","90,026","17f4da6d9c86561d788378a32e695db8_1588948579732-watermark-compress"
"May 8, 2020 @ 14:36:31.130","七牛压缩成功","101,318","17f4da6d9c86561d788378a32e695db8_1588948579730-watermark","90,026","17f4da6d9c86561d788378a32e695db8_1588948579730-watermark-compress"
"May 8, 2020 @ 14:35:07.709","七牛压缩成功","100,258","93296ae465ea22b0717f3b1206549473_1588948496985-watermark","50,578","93296ae465ea22b0717f3b1206549473_1588948496985-watermark-compress"
"May 8, 2020 @ 14:35:07.232","七牛压缩成功","101,126","2c543bdd941562d051e307aeb49c66b5_1588948496989-watermark","53,291","2c543bdd941562d051e307aeb49c66b5_1588948496989-watermark-compress"
"May 8, 2020 @ 14:28:46.039","七牛压缩成功","100,664","c7171d6be08664717d2decca9f5681d0_1588948115816-watermark","55,300","c7171d6be08664717d2decca9f5681d0_1588948115816-watermark-compress"
"May 8, 2020 @ 14:24:24.754","七牛压缩成功","100,785","e772c219c16e726bda8f6a74075ae15d_1588947851993-watermark","34,777","e772c219c16e726bda8f6a74075ae15d_1588947851993-watermark-compress"
"May 8, 2020 @ 14:14:42.023","七牛压缩成功","100,487","3465ed1a7b920e41ccfd6775ba08f829_1588947269931-watermark","19,431","3465ed1a7b920e41ccfd6775ba08f829_1588947269931-watermark-compress"
"May 8, 2020 @ 14:13:25.843","七牛压缩成功","100,121","89240cb2dbb81249c7f20f37a23ff3f3_1588947195953-watermark","55,823","89240cb2dbb81249c7f20f37a23ff3f3_1588947195953-watermark-compress"
"May 8, 2020 @ 14:12:27.486","七牛压缩成功","100,202","b547f121d36bbc05_1588947084194065673735-watermark","59,696","b547f121d36bbc05_1588947084194065673735-watermark-compress"
"May 8, 2020 @ 14:12:26.882","七牛压缩成功","101,559","b547f121d36bbc05_1588946877984984256827-watermark","68,753","b547f121d36bbc05_1588946877984984256827-watermark-compress"
"May 8, 2020 @ 13:55:33.289","七牛压缩成功","100,843","a7fd32f15c495a17da4afc95fb72c60c_1588946128138-watermark","58,662","a7fd32f15c495a17da4afc95fb72c60c_1588946128138-watermark-compress"
"May 8, 2020 @ 13:53:00.886","七牛压缩成功","101,603","c6c27080813cbaa7e91864c9856545a8_1588945966151-watermark","65,817","c6c27080813cbaa7e91864c9856545a8_1588945966151-watermark-compress"
"May 8, 2020 @ 13:46:16.274","七牛压缩成功","100,934","50ae645a79271dc5069da53fbc56b059_1588945568382-watermark","88,368","50ae645a79271dc5069da53fbc56b059_1588945568382-watermark-compress"
"May 8, 2020 @ 13:35:52.149","七牛压缩成功","102,201","20398c82eba38bd6dea284e1c3fb15f6_1588944947682","98,572","20398c82eba38bd6dea284e1c3fb15f6_1588944947682-compress"
"May 8, 2020 @ 13:29:57.141","七牛压缩成功","100,623","0ff7b3effa3b9c6219b5dc0d99acbf0b_1588944585901-watermark","52,050","0ff7b3effa3b9c6219b5dc0d99acbf0b_1588944585901-watermark-compress"
"May 8, 2020 @ 13:28:49.301","七牛压缩成功","101,876","9d817d9d15ff3654259ffcc5a9abf3a7_1588944513144-watermark","91,625","9d817d9d15ff3654259ffcc5a9abf3a7_1588944513144-watermark-compress"
"May 8, 2020 @ 13:26:51.046","七牛压缩成功","101,876","9d817d9d15ff3654259ffcc5a9abf3a7_1588944389872-watermark","91,625","9d817d9d15ff3654259ffcc5a9abf3a7_1588944389872-watermark-compress"
"May 8, 2020 @ 13:25:51.062","七牛压缩成功","102,391","a53abd5b7110897155f952941883f844_1588944323841-watermark","55,375","a53abd5b7110897155f952941883f844_1588944323841-watermark-compress"
"May 8, 2020 @ 13:25:08.744","七牛压缩成功","101,913","046dfae5623c9c46_1588944296852989199572-watermark","58,935","046dfae5623c9c46_1588944296852989199572-watermark-compress"
"May 8, 2020 @ 13:18:14.556","七牛压缩成功","100,184","04f016c4a964fa10f7eb2af6c744f42e_1588943874335-watermark","25,993","04f016c4a964fa10f7eb2af6c744f42e_1588943874335-watermark-compress"
"May 8, 2020 @ 13:18:14.104","七牛压缩成功","100,559","6263ddc7ffd535287488fa0adff984fe_1588943874335-watermark","22,687","6263ddc7ffd535287488fa0adff984fe_1588943874335-watermark-compress"
"May 8, 2020 @ 13:04:52.846","七牛压缩成功","102,357","dbc89851ae0b6319_1588943081182500968903-watermark","66,517","dbc89851ae0b6319_1588943081182500968903-watermark-compress"
"May 8, 2020 @ 13:02:54.619","七牛压缩成功","101,176","33ed9a0b3662d53af53d8eab0410a543_1588942965175-watermark","58,319","33ed9a0b3662d53af53d8eab0410a543_1588942965175-watermark-compress"
"May 8, 2020 @ 13:02:53.654","七牛压缩成功","100,617","a962c3b080a421b0b13755299e4252ef_1588942965181-watermark","53,855","a962c3b080a421b0b13755299e4252ef_1588942965181-watermark-compress"
"May 8, 2020 @ 12:54:35.865","七牛压缩成功","101,538","75d34a81f219878de4bda92078af6e61_1588942465912-watermark","96,715","75d34a81f219878de4bda92078af6e61_1588942465912-watermark-compress"
"May 8, 2020 @ 12:52:55.593","七牛压缩成功","100,864","7539290ea354157e340fac42bcc1d104_1588942369957-watermark","64,171","7539290ea354157e340fac42bcc1d104_1588942369957-watermark-compress"
"May 8, 2020 @ 12:40:14.899","七牛压缩成功","100,735","41ded264a50257062c3bf5efe31c7dc5_1588941598634-watermark","76,516","41ded264a50257062c3bf5efe31c7dc5_1588941598634-watermark-compress"
"May 8, 2020 @ 12:38:33.525","七牛压缩成功","101,001","4240bba939a737e7753c27bd6f424a92_1588941492606-watermark","42,152","4240bba939a737e7753c27bd6f424a92_1588941492606-watermark-compress"
"May 8, 2020 @ 12:34:29.633","七牛压缩成功","101,172","c4460a351f0475902fa2509136e85688_1588941262857-watermark","63,206","c4460a351f0475902fa2509136e85688_1588941262857-watermark-compress"
"May 8, 2020 @ 12:32:13.953","七牛压缩成功","101,718","1d5015d855443acdb3e376c5e2659a9c_1588941111747-watermark","47,286","1d5015d855443acdb3e376c5e2659a9c_1588941111747-watermark-compress"
"May 8, 2020 @ 12:19:59.989","七牛压缩成功","101,402","6df65a4889c8de3a1ed1f17423cad942_1588940384706-watermark","76,149","6df65a4889c8de3a1ed1f17423cad942_1588940384706-watermark-compress"
"May 8, 2020 @ 12:18:16.854","七牛压缩成功","102,004","d143a9c9e0c42fa5dbf709cac052c8c1_1588940289875-watermark","58,020","d143a9c9e0c42fa5dbf709cac052c8c1_1588940289875-watermark-compress"
"May 8, 2020 @ 12:12:22.125","七牛压缩成功","101,449","a918d6e52aa049ad9572bd00f62f5d34_1588939927510-watermark","57,570","a918d6e52aa049ad9572bd00f62f5d34_1588939927510-watermark-compress"
"May 8, 2020 @ 12:09:51.223","七牛压缩成功","101,449","a918d6e52aa049ad9572bd00f62f5d34_1588939777554-watermark","57,570","a918d6e52aa049ad9572bd00f62f5d34_1588939777554-watermark-compress"
"May 8, 2020 @ 12:09:51.031","七牛压缩成功","100,705","5262355387e824ee84dcd332ee763ed1_1588939772373-watermark","59,655","5262355387e824ee84dcd332ee763ed1_1588939772373-watermark-compress"
"May 8, 2020 @ 12:08:33.362","七牛压缩成功","102,374","545bce4515b06d64f345e9424fe67a76_1588939710463","48,757","545bce4515b06d64f345e9424fe67a76_1588939710463-compress"
"May 8, 2020 @ 12:06:44.660","七牛压缩成功","102,363","f27dab2e77bebbd3_1588939590424467837216-watermark","48,761","f27dab2e77bebbd3_1588939590424467837216-watermark-compress"
"May 8, 2020 @ 12:05:03.584","七牛压缩成功","101,737","45eeedd0f2dcbb76a6f0707c75607c12_1588939496035-watermark","55,875","45eeedd0f2dcbb76a6f0707c75607c12_1588939496035-watermark-compress"
"May 8, 2020 @ 11:55:46.370","七牛压缩成功","100,595","dbcb6c0e79b36006fb4303df45078440_1588938950975-watermark","44,651","dbcb6c0e79b36006fb4303df45078440_1588938950975-watermark-compress"
"May 8, 2020 @ 11:53:31.114","七牛压缩成功","101,230","b1e9fcef4d43d3e1_1588938800322541750247-watermark","54,496","b1e9fcef4d43d3e1_1588938800322541750247-watermark-compress"
"May 8, 2020 @ 11:48:09.477","七牛压缩成功","101,684","2046cf572a381802fbec5dc9d6ed58a9_1588938485743","83,696","2046cf572a381802fbec5dc9d6ed58a9_1588938485743-compress"
"May 8, 2020 @ 11:43:38.530","七牛压缩成功","100,899","e0c65b7beebf31f7bd72462985d4c9fd_1588938194683-watermark","56,607","e0c65b7beebf31f7bd72462985d4c9fd_1588938194683-watermark-compress"
"May 8, 2020 @ 11:40:00.179","七牛压缩成功","102,195","bdd26d12cddb2d85ac2d256ed66e27f9_1588937995786-watermark","30,877","bdd26d12cddb2d85ac2d256ed66e27f9_1588937995786-watermark-compress"
"May 8, 2020 @ 11:39:59.601","七牛压缩成功","101,691","b5da5b27ee3e755d6ed2771134d354c9_1588937995791-watermark","25,698","b5da5b27ee3e755d6ed2771134d354c9_1588937995791-watermark-compress"
"May 8, 2020 @ 11:17:10.799","七牛压缩成功","101,279","1acc0a2791c2cdf8388e63c17c812406_1588936615282-watermark","82,397","1acc0a2791c2cdf8388e63c17c812406_1588936615282-watermark-compress"
"May 8, 2020 @ 11:13:23.032","七牛压缩成功","101,551","eb47234a0bace0103021503e0f217638_1588936392398-watermark","50,890","eb47234a0bace0103021503e0f217638_1588936392398-watermark-compress"
"May 8, 2020 @ 11:12:42.041","七牛压缩成功","100,950","a91778b5a91f275b090e3299c3fcce5c_1588935801203-watermark","59,911","a91778b5a91f275b090e3299c3fcce5c_1588935801203-watermark-compress"
"May 8, 2020 @ 11:03:50.138","七牛压缩成功","100,607","eb944a81736553a724ef4ccb89c8ab4c_1588935823526-watermark","89,922","eb944a81736553a724ef4ccb89c8ab4c_1588935823526-watermark-compress"
"May 8, 2020 @ 10:57:28.659","七牛压缩成功","100,466","a075dd10159365a289727de8b9453069_1588935439278-watermark","21,053","a075dd10159365a289727de8b9453069_1588935439278-watermark-compress"
"May 8, 2020 @ 10:49:44.382","七牛压缩成功","100,259","93d76a97dff0e34b552c22258449bd29_1588934968964-watermark","44,291","93d76a97dff0e34b552c22258449bd29_1588934968964-watermark-compress"
"May 8, 2020 @ 10:33:09.103","七牛压缩成功","100,156","af908c529303dc68e1dcf2ca6f96813f_1588933977032-watermark","46,697","af908c529303dc68e1dcf2ca6f96813f_1588933977032-watermark-compress"
"May 8, 2020 @ 10:09:02.906","七牛压缩成功","101,665","a26f364b9c4064a375c789400c5a74a8_1588932532362-watermark","38,389","a26f364b9c4064a375c789400c5a74a8_1588932532362-watermark-compress"
"May 8, 2020 @ 10:02:00.697","七牛压缩成功","102,004","d4aaf2c70d15e90db60a22449a61d7ad_1588932118326-watermark","60,905","d4aaf2c70d15e90db60a22449a61d7ad_1588932118326-watermark-compress"
"May 8, 2020 @ 09:56:15.496","七牛压缩成功","100,623","2fbbc0ee9c97c0a6d4d9855d88b7d194_1588931767847-watermark","38,451","2fbbc0ee9c97c0a6d4d9855d88b7d194_1588931767847-watermark-compress"
"May 8, 2020 @ 09:55:24.116","七牛压缩成功","101,663","ca154bfea30a24f95c2023a4c5c82b68_1588931711366-watermark","98,603","ca154bfea30a24f95c2023a4c5c82b68_1588931711366-watermark-compress"
"May 8, 2020 @ 09:50:21.162","七牛压缩成功","100,669","7b2bb1bb419c81ab27401148bcce67b8_1588931410873-watermark","89,425","7b2bb1bb419c81ab27401148bcce67b8_1588931410873-watermark-compress"
"May 8, 2020 @ 09:49:13.075","七牛压缩成功","101,136","666360fc7db73f26697035e056d5ccc9_1588931348797-watermark","39,220","666360fc7db73f26697035e056d5ccc9_1588931348797-watermark-compress"
"May 8, 2020 @ 09:47:49.056","七牛压缩成功","100,950","1a0a117650152c2c_1588931252952746296286-watermark","43,032","1a0a117650152c2c_1588931252952746296286-watermark-compress"
"May 8, 2020 @ 09:39:13.451","七牛压缩成功","101,710","009dd9cb0c2d7bf67250bebb343ba507_1588930743589","51,826","009dd9cb0c2d7bf67250bebb343ba507_1588930743589-compress"
"May 8, 2020 @ 09:29:13.274","七牛压缩成功","101,539","3ba99d3e27e030d5a13545c4ac6f7657_1588930139696-watermark","88,880","3ba99d3e27e030d5a13545c4ac6f7657_1588930139696-watermark-compress"
"May 8, 2020 @ 09:27:22.919","七牛压缩成功","102,024","e077e390c5d2af78_1588930030435532459064-watermark","59,555","e077e390c5d2af78_1588930030435532459064-watermark-compress"
"May 8, 2020 @ 09:26:53.547","七牛压缩成功","100,425","a84d6a193f3b908e788714b8c8da0ad3_1588930012009","66,391","a84d6a193f3b908e788714b8c8da0ad3_1588930012009-compress"
"May 8, 2020 @ 09:18:48.856","七牛压缩成功","101,863","a662f633c8274407_158892952020232749927-watermark","53,286","a662f633c8274407_158892952020232749927-watermark-compress"
"May 8, 2020 @ 09:04:43.837","七牛压缩成功","102,024","e077e390c5d2af78_1588928522878707684482-watermark","59,555","e077e390c5d2af78_1588928522878707684482-watermark-compress"
"May 8, 2020 @ 08:53:10.813","七牛压缩成功","100,774","58ce2e7aa4f25a10eb0a960fbc0c5f71_1588927971213-watermark","89,791","58ce2e7aa4f25a10eb0a960fbc0c5f71_1588927971213-watermark-compress"
"May 8, 2020 @ 08:48:41.647","七牛压缩成功","101,483","bb19014e1fb3b0837a55355bcc9cdb6d_1588927700405-watermark","26,296","bb19014e1fb3b0837a55355bcc9cdb6d_1588927700405-watermark-compress"
"May 8, 2020 @ 08:36:09.693","七牛压缩成功","100,521","64a25ff53f2baa3d52ce3da2dcdf9047_1588926964883-watermark","100,511","64a25ff53f2baa3d52ce3da2dcdf9047_1588926964883-watermark-compress"
"May 8, 2020 @ 08:31:14.038","七牛压缩成功","100,063","7febd9b72a082099ef5d94ec68971d1e_1588926663677-watermark","52,754","7febd9b72a082099ef5d94ec68971d1e_1588926663677-watermark-compress"
"May 8, 2020 @ 08:26:26.655","七牛压缩成功","100,954","0e5ee54822034292ac5d94f55ba13c62_1588926376654-watermark","70,663","0e5ee54822034292ac5d94f55ba13c62_1588926376654-watermark-compress"
"May 8, 2020 @ 08:11:22.554","七牛压缩成功","100,159","b92ffd578c47836b663725088547175b_1588925470651-watermark","78,152","b92ffd578c47836b663725088547175b_1588925470651-watermark-compress"
"May 8, 2020 @ 07:59:41.991","七牛压缩成功","102,097","7e96a3dbe3ab327186a6029045a01146_1588924771495-watermark","68,840","7e96a3dbe3ab327186a6029045a01146_1588924771495-watermark-compress"
"May 8, 2020 @ 07:54:29.892","七牛压缩成功","100,861","91d7bb98825dc36e08a57166dfae17e6_1588924455418-watermark","41,059","91d7bb98825dc36e08a57166dfae17e6_1588924455418-watermark-compress"
"May 8, 2020 @ 07:46:27.396","七牛压缩成功","102,097","7e96a3dbe3ab327186a6029045a01146_1588923975763-watermark","68,840","7e96a3dbe3ab327186a6029045a01146_1588923975763-watermark-compress"
"May 8, 2020 @ 07:39:35.705","七牛压缩成功","102,097","7e96a3dbe3ab327186a6029045a01146_1588923563808-watermark","68,840","7e96a3dbe3ab327186a6029045a01146_1588923563808-watermark-compress"
"May 8, 2020 @ 07:39:34.283","七牛压缩成功","101,252","95ed25d96cf72b51352893224f0586e6_1588923564726-watermark","38,379","95ed25d96cf72b51352893224f0586e6_1588923564726-watermark-compress"
"May 8, 2020 @ 07:36:12.087","七牛压缩成功","100,272","327fde362b51cb19c424426a2bd2960c_1588923363992-watermark","87,629","327fde362b51cb19c424426a2bd2960c_1588923363992-watermark-compress"
"May 8, 2020 @ 07:24:40.327","七牛压缩成功","102,315","fecdbf70f0dc1024d1078b3297fc0a94_1588922642811-watermark","99,585","fecdbf70f0dc1024d1078b3297fc0a94_1588922642811-watermark-compress"
"May 8, 2020 @ 06:24:03.303","七牛压缩成功","100,244","bca191f4baadeccea639f174fbebcfdb_1588919029128-watermark","52,434","bca191f4baadeccea639f174fbebcfdb_1588919029128-watermark-compress"
"May 8, 2020 @ 06:24:01.234","七牛压缩成功","102,241","5f0046519ce0476133cf1845d53e4a48_1588919029134-watermark","56,890","5f0046519ce0476133cf1845d53e4a48_1588919029134-watermark-compress"
"May 8, 2020 @ 06:20:13.443","七牛压缩成功","101,214","o_1e7pf1p57s3g15h71gorvpbqcei","92,278","o_1e7pf1p57s3g15h71gorvpbqcei-compress"
"May 8, 2020 @ 06:16:58.755","七牛压缩成功","102,299","f8b34cdcc5af87aa_1588918599728819830936-watermark","44,685","f8b34cdcc5af87aa_1588918599728819830936-watermark-compress"
"May 8, 2020 @ 06:09:46.635","七牛压缩成功","101,601","1accdb55fc50c706458eea2b0057d8c1_1574921386228-watermark","77,750","1accdb55fc50c706458eea2b0057d8c1_1574921386228-watermark-compress"
"May 8, 2020 @ 06:08:30.506","七牛压缩成功","100,786","84e5c6c9ed7a19714622b8982e543ee4_1588918098378-watermark","99,617","84e5c6c9ed7a19714622b8982e543ee4_1588918098378-watermark-compress"
"May 8, 2020 @ 06:01:28.288","七牛压缩成功","100,886","89aa9538vodgzp1400077015-15af44c75285890802665313146-5285890802665313147.png","89,418","89aa9538vodgzp1400077015-15af44c75285890802665313146-5285890802665313147-compress"
"May 8, 2020 @ 06:01:12.548","七牛压缩成功","100,990","f846f2eda843fcf9770ccdfe998618ce_1588917633903-watermark","98,601","f846f2eda843fcf9770ccdfe998618ce_1588917633903-watermark-compress"
"May 8, 2020 @ 05:46:33.177","七牛压缩成功","101,090","da563e765fb1a15597046d01647de3aa_1588916749523-watermark","90,526","da563e765fb1a15597046d01647de3aa_1588916749523-watermark-compress"
"May 8, 2020 @ 05:42:03.336","七牛压缩成功","102,220","15dcc23fa6db6cd3207fd69ef650c1d7_1588916511407-watermark","56,942","15dcc23fa6db6cd3207fd69ef650c1d7_1588916511407-watermark-compress"
"May 8, 2020 @ 05:39:47.955","七牛压缩成功","101,665","da563e765fb1a15597046d01647de3aa_1588916374339-watermark","91,036","da563e765fb1a15597046d01647de3aa_1588916374339-watermark-compress"
"May 8, 2020 @ 05:37:33.024","七牛压缩成功","101,487","4cc9ed50705dd3e2_1588916231786008252581-watermark","48,113","4cc9ed50705dd3e2_1588916231786008252581-watermark-compress"
"May 8, 2020 @ 05:32:54.546","七牛压缩成功","101,444","ebe27436eca1ec8e_1588915967602907608992-watermark","75,009","ebe27436eca1ec8e_1588915967602907608992-watermark-compress"
"May 8, 2020 @ 05:16:43.909","七牛压缩成功","101,725","9677618fbda0da50b8f21d1edcd22ee4_1588914992895-watermark","14,356","9677618fbda0da50b8f21d1edcd22ee4_1588914992895-watermark-compress"
"May 8, 2020 @ 05:09:52.617","七牛压缩成功","102,029","96599b601987c4b02f862fc9d5734e8f_1588914575983-watermark","102,003","96599b601987c4b02f862fc9d5734e8f_1588914575983-watermark-compress"
"May 8, 2020 @ 05:09:50.785","七牛压缩成功","100,953","6a7213ef524c9e7ae95f6efb0b634cde_1588914564714-watermark","52,845","6a7213ef524c9e7ae95f6efb0b634cde_1588914564714-watermark-compress"
"May 8, 2020 @ 05:01:06.035","七牛压缩成功","100,130","b11c48f5a063db27_1588914052104470975214-watermark","70,915","b11c48f5a063db27_1588914052104470975214-watermark-compress"
"May 8, 2020 @ 04:42:23.525","七牛压缩成功","100,117","638cd406b0cff6fc3bd5f4a9492ec3d5_1588912923537-watermark","75,976","638cd406b0cff6fc3bd5f4a9492ec3d5_1588912923537-watermark-compress"
"May 8, 2020 @ 04:42:14.353","七牛压缩成功","100,811","3f1c46dad6de9d13794f08c45744cd6f_1588912923531-watermark","75,404","3f1c46dad6de9d13794f08c45744cd6f_1588912923531-watermark-compress"
"May 8, 2020 @ 04:38:43.417","七牛压缩成功","101,413","d13bf0e44d59bd2cfc5e06043167e584_1588912703004-watermark","57,459","d13bf0e44d59bd2cfc5e06043167e584_1588912703004-watermark-compress"
"May 8, 2020 @ 04:33:40.335","七牛压缩成功","100,052","c2c1a9a72799c8fb_1588912398633206739588-watermark","42,164","c2c1a9a72799c8fb_1588912398633206739588-watermark-compress"
"May 8, 2020 @ 04:32:25.018","七牛压缩成功","100,447","e8029cd0bcf839931ba8e1dd2a2b5910_1588912328934-watermark","57,926","e8029cd0bcf839931ba8e1dd2a2b5910_1588912328934-watermark-compress"
"May 8, 2020 @ 04:25:04.155","七牛压缩成功","100,898","f282fa69c611fe88504cc3206d2412e7_1588911880574-watermark","66,355","f282fa69c611fe88504cc3206d2412e7_1588911880574-watermark-compress"
"May 8, 2020 @ 04:20:51.192","七牛压缩成功","101,871","cc62f7f34be6726331b31e967238ea01_1588911642199-watermark","53,118","cc62f7f34be6726331b31e967238ea01_1588911642199-watermark-compress"
"May 8, 2020 @ 04:19:26.137","七牛压缩成功","102,116","dd47e495927ce566_1588911551635710963765-watermark","41,115","dd47e495927ce566_1588911551635710963765-watermark-compress"
"May 8, 2020 @ 04:05:06.520","七牛压缩成功","100,970","2fec804f2421bb7cf319d19c0c92cdb4_1588910694805-watermark","90,488","2fec804f2421bb7cf319d19c0c92cdb4_1588910694805-watermark-compress"
"May 8, 2020 @ 03:59:28.600","七牛压缩成功","100,951","d27f6b183357f76902d6fc70be3c3fec_1588910362766-watermark","22,978","d27f6b183357f76902d6fc70be3c3fec_1588910362766-watermark-compress"
"May 8, 2020 @ 03:47:51.116","七牛压缩成功","101,692","dad2346aa4ea01ebbe23346cdef4919d_1588909660597","49,013","dad2346aa4ea01ebbe23346cdef4919d_1588909660597-compress"
"May 8, 2020 @ 03:45:22.488","七牛压缩成功","100,982","79aa39573913331ac85fb539d18e21ea_1588909517930","85,301","79aa39573913331ac85fb539d18e21ea_1588909517930-compress"
"May 8, 2020 @ 03:38:54.852","七牛压缩成功","101,060","280a58b175c8f17623b34b105ccd736a_1588909327013-watermark","56,774","280a58b175c8f17623b34b105ccd736a_1588909327013-watermark-compress"
"May 8, 2020 @ 03:31:19.602","七牛压缩成功","100,585","51b1a0454e681269763a09ced5da610b_1588908669561-watermark","67,604","51b1a0454e681269763a09ced5da610b_1588908669561-watermark-compress"
"May 8, 2020 @ 03:13:18.195","七牛压缩成功","100,971","5b5139f1aa65a5a8_1588907588591537977320-watermark","42,687","5b5139f1aa65a5a8_1588907588591537977320-watermark-compress"
"May 8, 2020 @ 03:08:07.339","七牛压缩成功","101,807","8c79c68162bbe7831f4c2aac76d35878_1588907286313-watermark","52,686","8c79c68162bbe7831f4c2aac76d35878_1588907286313-watermark-compress"
"May 8, 2020 @ 02:57:08.211","七牛压缩成功","101,807","8c79c68162bbe7831f4c2aac76d35878_1588906619855-watermark","52,686","8c79c68162bbe7831f4c2aac76d35878_1588906619855-watermark-compress"
"May 8, 2020 @ 02:55:25.955","七牛压缩成功","101,448","083f25fd66b66f94804afb2c84ac3d21_1588906537155-watermark","55,525","083f25fd66b66f94804afb2c84ac3d21_1588906537155-watermark-compress"
"May 8, 2020 @ 02:44:03.042","七牛压缩成功","101,688","d10e3a65c383507aa5ce000faac31305_1588905833534-watermark","59,214","d10e3a65c383507aa5ce000faac31305_1588905833534-watermark-compress"
"May 8, 2020 @ 02:21:39.227","七牛压缩成功","101,307","49ea31f7a220902fa5efca434aae0d0b_1588904491009-watermark","77,546","49ea31f7a220902fa5efca434aae0d0b_1588904491009-watermark-compress"
"May 8, 2020 @ 02:19:58.752","七牛压缩成功","101,234","a72289f2bd8d8c4d_1588904385995157451180-watermark","52,316","a72289f2bd8d8c4d_1588904385995157451180-watermark-compress"
"May 8, 2020 @ 02:18:43.216","七牛压缩成功","101,160","80deb9bea9330ffc885c43dc3db5c752_1588904308830-watermark","77,478","80deb9bea9330ffc885c43dc3db5c752_1588904308830-watermark-compress"
"May 8, 2020 @ 01:56:20.810","七牛压缩成功","101,941","9cf25f555bbd0233f44028fa06163ebf_1588902975315-watermark","67,830","9cf25f555bbd0233f44028fa06163ebf_1588902975315-watermark-compress"
"May 8, 2020 @ 01:53:32.380","七牛压缩成功","101,830","01fff1854567f38221c32803ff74f24f_1588902354724-watermark","82,149","01fff1854567f38221c32803ff74f24f_1588902354724-watermark-compress"
"May 8, 2020 @ 01:40:51.869","七牛压缩成功","100,329","b7af62b269c912d6af80fba6f3a7425f_1588902033445-watermark","75,713","b7af62b269c912d6af80fba6f3a7425f_1588902033445-watermark-compress"
"May 8, 2020 @ 01:34:41.104","七牛压缩成功","101,790","bdf6af08d99574d9c9352e5f6e93ca94_1588901672360-watermark","55,561","bdf6af08d99574d9c9352e5f6e93ca94_1588901672360-watermark-compress"
"May 8, 2020 @ 01:32:50.681","七牛压缩成功","102,346","4a5015ab55e8634ab19756fafc735140_1588901561350-watermark","76,231","4a5015ab55e8634ab19756fafc735140_1588901561350-watermark-compress"
"May 8, 2020 @ 01:23:58.628","七牛压缩成功","101,358","17720ccd88188b6a6a6a07e708659d9b_1588901031463-watermark","90,965","17720ccd88188b6a6a6a07e708659d9b_1588901031463-watermark-compress"
"May 8, 2020 @ 01:22:00.731","七牛压缩成功","100,222","31a4b40a7a94a874cd4f83176fc45cb8_1588900918125","85,129","31a4b40a7a94a874cd4f83176fc45cb8_1588900918125-compress"
"May 8, 2020 @ 00:53:37.311","七牛压缩成功","100,954","c37b6c5e5cd15f348bc9d427fdcc0196_1588899214523","88,179","c37b6c5e5cd15f348bc9d427fdcc0196_1588899214523-compress"
"May 8, 2020 @ 00:50:47.132","七牛压缩成功","100,870","12ffeafbd17de4fc392d47718d86a9b2_1588899043514-watermark","65,557","12ffeafbd17de4fc392d47718d86a9b2_1588899043514-watermark-compress"
"May 8, 2020 @ 00:49:06.452","七牛压缩成功","100,629","731f578cd39fd2c8cba0af58e363b059_1588898924898-watermark","67,303","731f578cd39fd2c8cba0af58e363b059_1588898924898-watermark-compress"
"May 8, 2020 @ 00:49:05.825","七牛压缩成功","100,251","bf5a002325f68b2df0260af26edd6fac_1588898924872-watermark","68,339","bf5a002325f68b2df0260af26edd6fac_1588898924872-watermark-compress"
"May 8, 2020 @ 00:23:29.621","七牛压缩成功","102,121","a27f134a5a858157afdfaae3f6ebe626_1588897379333-watermark","63,485","a27f134a5a858157afdfaae3f6ebe626_1588897379333-watermark-compress"
"May 8, 2020 @ 00:18:25.082","七牛压缩成功","102,016","39090d7c28bc8e8fe8fae1128010dfe4_1588897085322-watermark","44,650","39090d7c28bc8e8fe8fae1128010dfe4_1588897085322-watermark-compress"
"May 8, 2020 @ 00:10:25.022","七牛压缩成功","101,253","01c1849b0fa6d2df22e1b22098950d03_1588896614507-watermark","91,200","01c1849b0fa6d2df22e1b22098950d03_1588896614507-watermark-compress"
"May 8, 2020 @ 00:00:21.739","七牛压缩成功","101,113","b633e951bb4e89d3d0b6f16c257125cc_1588896019487","94,960","b633e951bb4e89d3d0b6f16c257125cc_1588896019487-compress"
"May 8, 2020 @ 00:00:20.935","七牛压缩成功","102,244","56c0a2e7a6874dce49b5c8cb8c89f520_1588896019485","91,082","56c0a2e7a6874dce49b5c8cb8c89f520_1588896019485-compress"
"May 8, 2020 @ 00:00:20.833","七牛压缩成功","101,480","1d18356aeb550f23d2f19c8b9c6eb354_1588896019487","91,400","1d18356aeb550f23d2f19c8b9c6eb354_1588896019487-compress"
"May 7, 2020 @ 23:46:54.955","七牛压缩成功","100,684","f60320f4388c669dc94354f665c0a80c_1588895199165-watermark","59,798","f60320f4388c669dc94354f665c0a80c_1588895199165-watermark-compress"
"May 7, 2020 @ 23:28:46.760","七牛压缩成功","102,297","9600d9b0b8baa4fd_1588894115859153875960-watermark","42,153","9600d9b0b8baa4fd_1588894115859153875960-watermark-compress"
"May 7, 2020 @ 23:26:48.747","七牛压缩成功","102,297","9600d9b0b8baa4fd_1588893991177639995900-watermark","42,153","9600d9b0b8baa4fd_1588893991177639995900-watermark-compress"
"May 7, 2020 @ 22:59:40.500","七牛压缩成功","101,760","24b2e9aef12818fe83da220699cacbc2_1588892375652-watermark","29,094","24b2e9aef12818fe83da220699cacbc2_1588892375652-watermark-compress"
"May 7, 2020 @ 21:09:10.581","七牛压缩成功","102,207","913c6b671de4467f94b3cf069ff8c3e6_1588885727213-watermark","57,811","913c6b671de4467f94b3cf069ff8c3e6_1588885727213-watermark-compress"
