"May 9, 2020 @ 06:36:40.383","七牛压缩成功","594,418","7db3485fad583f24088aeed3b9f18079_1589006158822-watermark","261,493","7db3485fad583f24088aeed3b9f18079_1589006158822-watermark-compress"
"May 9, 2020 @ 06:36:40.228","七牛压缩成功","651,562","cae96d67a29cf9134200f0015c66a642_1589006158834-watermark","280,126","cae96d67a29cf9134200f0015c66a642_1589006158834-watermark-compress"
"May 9, 2020 @ 06:36:40.208","七牛压缩成功","719,343","7fe908c0347703436678a04e0e1608e3_1589006158826-watermark","334,692","7fe908c0347703436678a04e0e1608e3_1589006158826-watermark-compress"
"May 9, 2020 @ 06:36:32.605","七牛压缩成功","566,184","61e6ea1970356b86ecf9220143af92af_1589006172836-watermark","487,436","61e6ea1970356b86ecf9220143af92af_1589006172836-watermark-compress"
"May 9, 2020 @ 06:35:23.776","七牛压缩成功","534,352","20373b88316a79278ca75df66e78d896_1589006115902-watermark","113,914","20373b88316a79278ca75df66e78d896_1589006115902-watermark-compress"
"May 9, 2020 @ 06:35:15.121","七牛压缩成功","638,585","5661ddb49faaa8a7_1589006110955141906700-watermark","300,580","5661ddb49faaa8a7_1589006110955141906700-watermark-compress"
"May 9, 2020 @ 06:35:06.762","七牛压缩成功","900,652","eb96220a201ce56c9419fe278a1ba759_1589006081470-watermark","873,769","eb96220a201ce56c9419fe278a1ba759_1589006081470-watermark-compress"
"May 9, 2020 @ 06:35:06.364","七牛压缩成功","885,591","a2dc3f8c6badc46010d2a3928304e4a9_1589006081458-watermark","853,483","a2dc3f8c6badc46010d2a3928304e4a9_1589006081458-watermark-compress"
"May 9, 2020 @ 06:34:57.830","七牛压缩成功","515,937","89aa9538vodgzp1400077015-0813d2a55285890802807016254-5285890802807016255.png","434,342","89aa9538vodgzp1400077015-0813d2a55285890802807016254-5285890802807016255-compress"
"May 9, 2020 @ 06:34:20.206","七牛压缩成功","787,887","7d7bece2d5cc06137d60133cefb870bc_1589006046111-watermark","749,137","7d7bece2d5cc06137d60133cefb870bc_1589006046111-watermark-compress"
"May 9, 2020 @ 06:34:20.199","七牛压缩成功","814,452","951c45ab54b5cd3691a977f8222c3e64_1589006046132-watermark","753,865","951c45ab54b5cd3691a977f8222c3e64_1589006046132-watermark-compress"
"May 9, 2020 @ 06:34:19.242","七牛压缩成功","808,719","16b15a27fb31adb4cdb2d7a25352c803_1589006046117-watermark","745,930","16b15a27fb31adb4cdb2d7a25352c803_1589006046117-watermark-compress"
"May 9, 2020 @ 06:34:17.909","七牛压缩成功","584,350","eaedbd706d7e26ec68727d5068fe5167_1589006046129-watermark","560,972","eaedbd706d7e26ec68727d5068fe5167_1589006046129-watermark-compress"
"May 9, 2020 @ 06:34:16.996","七牛压缩成功","775,684","08d8a32bead1be95c31176ab46172041_1589006046126-watermark","709,045","08d8a32bead1be95c31176ab46172041_1589006046126-watermark-compress"
"May 9, 2020 @ 06:34:16.944","七牛压缩成功","935,239","78aeae160c4163ec819d2251f20a247a_1589006046170-watermark","848,483","78aeae160c4163ec819d2251f20a247a_1589006046170-watermark-compress"
"May 9, 2020 @ 06:34:16.916","七牛压缩成功","939,166","788f5c9d6fc8661cd820d6b274b21e3e_1589006046105-watermark","887,971","788f5c9d6fc8661cd820d6b274b21e3e_1589006046105-watermark-compress"
"May 9, 2020 @ 06:34:16.198","七牛压缩成功","738,337","7e4de8a356775bb179a7376853fb374d_1589006042364-watermark","423,099","7e4de8a356775bb179a7376853fb374d_1589006042364-watermark-compress"
"May 9, 2020 @ 06:34:05.742","七牛压缩成功","874,868","0e85703b487bc893156d115d93a3e30b_1589006006862-watermark","762,438","0e85703b487bc893156d115d93a3e30b_1589006006862-watermark-compress"
"May 9, 2020 @ 06:34:02.365","七牛压缩成功","1,018,061","28eb76c565358798072be33e933295b0_1589006006871-watermark","891,614","28eb76c565358798072be33e933295b0_1589006006871-watermark-compress"
"May 9, 2020 @ 06:33:09.641","七牛压缩成功","610,061","dbc6984c0eb39c92bd2faeb870c54439_1589005983517-watermark","524,966","dbc6984c0eb39c92bd2faeb870c54439_1589005983517-watermark-compress"
"May 9, 2020 @ 06:32:10.291","七牛压缩成功","631,235","6c14cade0439e6072a59a150e89909a7_1589005908820-watermark","621,684","6c14cade0439e6072a59a150e89909a7_1589005908820-watermark-compress"
"May 9, 2020 @ 06:32:09.531","七牛压缩成功","762,325","859e097f2e8d6286de172ddccdaf48a5_1589005908823-watermark","751,090","859e097f2e8d6286de172ddccdaf48a5_1589005908823-watermark-compress"
"May 9, 2020 @ 06:32:09.504","七牛压缩成功","597,846","81c906986933cf55f63938bab9e5d735_1589005908819-watermark","584,587","81c906986933cf55f63938bab9e5d735_1589005908819-watermark-compress"
"May 9, 2020 @ 06:32:09.104","七牛压缩成功","724,027","200d64f2c13282dd50001cc52567489c_1589005908827-watermark","711,060","200d64f2c13282dd50001cc52567489c_1589005908827-watermark-compress"
"May 9, 2020 @ 06:32:08.964","七牛压缩成功","610,157","3d49334d02f144db9f35e177708bc5df_1589005919091-watermark","528,777","3d49334d02f144db9f35e177708bc5df_1589005919091-watermark-compress"
"May 9, 2020 @ 06:32:08.936","七牛压缩成功","743,030","22741478e0e2dd160b9759f90f11a98e_1589005908820-watermark","727,080","22741478e0e2dd160b9759f90f11a98e_1589005908820-watermark-compress"
"May 9, 2020 @ 06:31:17.586","七牛压缩成功","536,071","256cc021cc9dbe6e_1589005863895532516963-watermark","214,155","256cc021cc9dbe6e_1589005863895532516963-watermark-compress"
"May 9, 2020 @ 06:30:40.471","七牛压缩成功","877,356","0458813d926fc6e17dc8fd8ce890b4a1_1589005838287","177,874","0458813d926fc6e17dc8fd8ce890b4a1_1589005838287-compress"
"May 9, 2020 @ 06:30:40.329","七牛压缩成功","621,125","58f8e6bef2a5b31c5476abb9fe6a06b2_1589005838284","130,282","58f8e6bef2a5b31c5476abb9fe6a06b2_1589005838284-compress"
"May 9, 2020 @ 06:30:05.690","七牛压缩成功","1,013,232","0a135af1b04a9617ca427df40ae43483_1589005794376","381,294","0a135af1b04a9617ca427df40ae43483_1589005794376-compress"
"May 9, 2020 @ 06:30:04.796","七牛压缩成功","796,380","491e62d2229b031311f7bc16b2d6d525_1589005761335-watermark","783,984","491e62d2229b031311f7bc16b2d6d525_1589005761335-watermark-compress"
"May 9, 2020 @ 06:30:04.646","七牛压缩成功","684,533","61b21e431392f6a0a56b101a94d26d83_1589005761315-watermark","673,612","61b21e431392f6a0a56b101a94d26d83_1589005761315-watermark-compress"
"May 9, 2020 @ 06:30:04.283","七牛压缩成功","871,868","d82b184245b8e55c1d40f8f394374774_1589005761383-watermark","855,905","d82b184245b8e55c1d40f8f394374774_1589005761383-watermark-compress"
"May 9, 2020 @ 06:30:04.160","七牛压缩成功","818,488","fb92290f1238a01e1f7870f202b28f31_1589005761357-watermark","801,751","fb92290f1238a01e1f7870f202b28f31_1589005761357-watermark-compress"
"May 9, 2020 @ 06:30:03.166","七牛压缩成功","664,949","1059b33cea3f99ca6ad7b6fe800eb2b5_1589005761343-watermark","653,825","1059b33cea3f99ca6ad7b6fe800eb2b5_1589005761343-watermark-compress"
"May 9, 2020 @ 06:30:02.979","七牛压缩成功","914,989","bc99b151296c2958c82ab7140f743260_1589005761327-watermark","902,482","bc99b151296c2958c82ab7140f743260_1589005761327-watermark-compress"
"May 9, 2020 @ 06:30:02.957","七牛压缩成功","860,795","ee34b9d7a52ba2c8d7eebf4dc7e8fee4_1589005761330-watermark","848,833","ee34b9d7a52ba2c8d7eebf4dc7e8fee4_1589005761330-watermark-compress"
"May 9, 2020 @ 06:29:55.388","七牛压缩成功","993,113","eefa9414b07c37e9bc558b564b23ecae_1589005781737-watermark","881,494","eefa9414b07c37e9bc558b564b23ecae_1589005781737-watermark-compress"
"May 9, 2020 @ 06:29:41.761","七牛压缩成功","685,517","86a134ce92261660f574ccd2ca8d96bd_1589005764549-watermark","665,318","86a134ce92261660f574ccd2ca8d96bd_1589005764549-watermark-compress"
"May 9, 2020 @ 06:29:40.625","七牛压缩成功","659,477","4d45725d8752153c7a98ae707daa5f06_1589005764529-watermark","644,239","4d45725d8752153c7a98ae707daa5f06_1589005764529-watermark-compress"
"May 9, 2020 @ 06:29:39.084","七牛压缩成功","968,559","8576644004049cb81d57e917130d51de_1589005764530-watermark","941,093","8576644004049cb81d57e917130d51de_1589005764530-watermark-compress"
"May 9, 2020 @ 06:29:38.879","七牛压缩成功","536,116","713d236f3f6384583ae041b5846590e6_1589005764541-watermark","513,765","713d236f3f6384583ae041b5846590e6_1589005764541-watermark-compress"
"May 9, 2020 @ 06:29:38.375","七牛压缩成功","752,042","cfd5a4bcb0a33f734dff1d01b75cccf9_1589005764544-watermark","707,474","cfd5a4bcb0a33f734dff1d01b75cccf9_1589005764544-watermark-compress"
"May 9, 2020 @ 06:29:37.489","七牛压缩成功","791,833","4fbf43a0475eb2db43a1187c73729245_1589005764550-watermark","769,714","4fbf43a0475eb2db43a1187c73729245_1589005764550-watermark-compress"
"May 9, 2020 @ 06:29:37.145","七牛压缩成功","1,005,399","556ec76dea1ddb4761bca5e94208c693_1589005764554-watermark","996,037","556ec76dea1ddb4761bca5e94208c693_1589005764554-watermark-compress"
"May 9, 2020 @ 06:27:55.642","七牛压缩成功","606,700","d1bd7308e6d09d55d0410d825b8870f0_1589005665749-watermark","522,916","d1bd7308e6d09d55d0410d825b8870f0_1589005665749-watermark-compress"
"May 9, 2020 @ 06:26:40.084","七牛压缩成功","692,251","b1a9218b11701791f4b7618e159a2420_1589005585674-watermark","154,606","b1a9218b11701791f4b7618e159a2420_1589005585674-watermark-compress"
"May 9, 2020 @ 06:26:39.977","七牛压缩成功","721,268","7f801264a89553b92e577c09f599d451_1589005585663-watermark","164,127","7f801264a89553b92e577c09f599d451_1589005585663-watermark-compress"
"May 9, 2020 @ 06:26:39.548","七牛压缩成功","703,309","702be04ca4633f0fbbd2cb8fd90d4637_1589005585673-watermark","160,529","702be04ca4633f0fbbd2cb8fd90d4637_1589005585673-watermark-compress"
"May 9, 2020 @ 06:26:38.601","七牛压缩成功","715,411","9ffb3d06584335ab7e808d6f0e2f210c_1589005585669-watermark","161,782","9ffb3d06584335ab7e808d6f0e2f210c_1589005585669-watermark-compress"
"May 9, 2020 @ 06:26:29.823","七牛压缩成功","739,613","3b8d5d45f926b6604d285f8aed65603d_1589005585665-watermark","169,096","3b8d5d45f926b6604d285f8aed65603d_1589005585665-watermark-compress"
"May 9, 2020 @ 06:26:29.522","七牛压缩成功","718,829","9a0667c6c444441c31717dc5463ad4c8_1589005585663-watermark","164,497","9a0667c6c444441c31717dc5463ad4c8_1589005585663-watermark-compress"
"May 9, 2020 @ 06:26:14.498","七牛压缩成功","1,002,777","c70bf1202ac419ffb746eeb998103979_1589005562762-watermark","887,138","c70bf1202ac419ffb746eeb998103979_1589005562762-watermark-compress"
"May 9, 2020 @ 06:26:13.275","七牛压缩成功","935,939","86a10e4cf4732cd6ef66da90717ffc82_1589005552858-watermark","179,557","86a10e4cf4732cd6ef66da90717ffc82_1589005552858-watermark-compress"
"May 9, 2020 @ 06:24:14.545","七牛压缩成功","648,914","ee56660e96af6916b942f8b8ac8d80bf_1589005442775-watermark","562,200","ee56660e96af6916b942f8b8ac8d80bf_1589005442775-watermark-compress"
"May 9, 2020 @ 06:24:05.607","七牛压缩成功","539,465","comment/image/27394826102143_4055721913-watermark","528,079","comment/image/27394826102143_4055721913-watermark-compress"
"May 9, 2020 @ 06:23:59.266","七牛压缩成功","545,109","comment/image/27394816612768_4150720155-watermark","523,012","comment/image/27394816612768_4150720155-watermark-compress"
"May 9, 2020 @ 06:23:58.290","七牛压缩成功","515,219","comment/image/27394820980320_4141552187-watermark","505,002","comment/image/27394820980320_4141552187-watermark-compress"
"May 9, 2020 @ 06:23:58.278","七牛压缩成功","676,552","comment/image/27394820465632_1577618748-watermark","664,439","comment/image/27394820465632_1577618748-watermark-compress"
"May 9, 2020 @ 06:23:58.100","七牛压缩成功","684,204","comment/image/27394815960320_2829276250-watermark","657,169","comment/image/27394815960320_2829276250-watermark-compress"
"May 9, 2020 @ 06:23:57.919","七牛压缩成功","549,139","comment/image/27394816065580_8585632680-watermark","538,611","comment/image/27394816065580_8585632680-watermark-compress"
"May 9, 2020 @ 06:23:49.103","七牛压缩成功","597,549","505a00a3db9b39790d19c9a1c2d99e28_1589005426688-watermark","515,475","505a00a3db9b39790d19c9a1c2d99e28_1589005426688-watermark-compress"
"May 9, 2020 @ 06:23:15.925","七牛压缩成功","548,169","89aa9538vodgzp1400077015-2fb806985285890802811401212-5285890802811401213.png","480,024","89aa9538vodgzp1400077015-2fb806985285890802811401212-5285890802811401213-compress"
"May 9, 2020 @ 06:22:13.644","七牛压缩成功","936,316","1e173e71f5308688ebbf863884115e6b_1589005308360-watermark","920,549","1e173e71f5308688ebbf863884115e6b_1589005308360-watermark-compress"
"May 9, 2020 @ 06:22:09.209","七牛压缩成功","983,321","ba90beb4c946b47f1e893cd1b22b6af7_1589005308348-watermark","876,487","ba90beb4c946b47f1e893cd1b22b6af7_1589005308348-watermark-compress"
"May 9, 2020 @ 06:21:50.026","七牛压缩成功","701,888","f3dde582c41069d0c8aa542de4ae08a6_1589005283802-watermark","616,860","f3dde582c41069d0c8aa542de4ae08a6_1589005283802-watermark-compress"
"May 9, 2020 @ 06:20:50.544","七牛压缩成功","872,120","9924fc0c741fbf84737921a4c9ebd021_1589005239723-watermark","179,637","9924fc0c741fbf84737921a4c9ebd021_1589005239723-watermark-compress"
"May 9, 2020 @ 06:20:37.394","七牛压缩成功","557,805","ea3c2ed06391b3237d2be7fa87e61886_1589005222906-watermark","551,327","ea3c2ed06391b3237d2be7fa87e61886_1589005222906-watermark-compress"
"May 9, 2020 @ 06:20:36.470","七牛压缩成功","682,107","7721c4ad64d95760f745d11010d7ca91_1589005222842-watermark","670,534","7721c4ad64d95760f745d11010d7ca91_1589005222842-watermark-compress"
"May 9, 2020 @ 06:20:36.022","七牛压缩成功","708,276","d58e0abd0f19c1dbd1822a52073e5d05_1589005222916-watermark","695,431","d58e0abd0f19c1dbd1822a52073e5d05_1589005222916-watermark-compress"
"May 9, 2020 @ 06:20:35.569","七牛压缩成功","652,263","13d4193dd4f3fc6bc0efe15f643747e7_1589005222854-watermark","649,452","13d4193dd4f3fc6bc0efe15f643747e7_1589005222854-watermark-compress"
"May 9, 2020 @ 06:20:35.562","七牛压缩成功","880,469","23e8631d9328e6dd1d3e46372141efc7_1589005222867-watermark","871,679","23e8631d9328e6dd1d3e46372141efc7_1589005222867-watermark-compress"
"May 9, 2020 @ 06:20:35.287","七牛压缩成功","818,506","59b11220b2910386ddd44fa91eae5d31_1589005222904-watermark","810,209","59b11220b2910386ddd44fa91eae5d31_1589005222904-watermark-compress"
"May 9, 2020 @ 06:20:34.370","七牛压缩成功","812,000","6b1d78caed2e1ea4776dc658b3dea632_1589005222858-watermark","802,354","6b1d78caed2e1ea4776dc658b3dea632_1589005222858-watermark-compress"
"May 9, 2020 @ 06:20:34.049","七牛压缩成功","701,926","12d4255b5247827da84719b1892bf9c8_1589005222902-watermark","692,913","12d4255b5247827da84719b1892bf9c8_1589005222902-watermark-compress"
"May 9, 2020 @ 06:20:34.020","七牛压缩成功","811,568","7387a2f6313b545d56aaff33847ab0aa_1589005222923-watermark","801,192","7387a2f6313b545d56aaff33847ab0aa_1589005222923-watermark-compress"
"May 9, 2020 @ 06:20:33.971","七牛压缩成功","766,075","74012904e3569bdc3a880a819ce09f08_1589005222852-watermark","753,967","74012904e3569bdc3a880a819ce09f08_1589005222852-watermark-compress"
"May 9, 2020 @ 06:20:16.697","七牛压缩成功","528,974","cb912aeb6ab013b07037831dfffac6eb_1589005203190-watermark","414,243","cb912aeb6ab013b07037831dfffac6eb_1589005203190-watermark-compress"
"May 9, 2020 @ 06:20:16.410","七牛压缩成功","512,012","9d756a95d45f66f7c3b6646bb6e847e0_1589005203161-watermark","398,549","9d756a95d45f66f7c3b6646bb6e847e0_1589005203161-watermark-compress"
"May 9, 2020 @ 06:19:52.347","七牛压缩成功","566,388","9103e876478f94a9b22f1c1db033ddc9_1589005181455-watermark","488,982","9103e876478f94a9b22f1c1db033ddc9_1589005181455-watermark-compress"
"May 9, 2020 @ 06:19:27.683","七牛压缩成功","634,290","a1352b133dfa388a68a2845697ca1cce_1589005160130-watermark","556,013","a1352b133dfa388a68a2845697ca1cce_1589005160130-watermark-compress"
"May 9, 2020 @ 06:18:26.673","七牛压缩成功","1,012,107","504c45f95573837aa28767f526486aed_1589005086960-watermark","902,545","504c45f95573837aa28767f526486aed_1589005086960-watermark-compress"
"May 9, 2020 @ 06:18:26.330","七牛压缩成功","990,269","4905bdf6c937626c304d8098b2406414_1589005086955-watermark","884,832","4905bdf6c937626c304d8098b2406414_1589005086955-watermark-compress"
"May 9, 2020 @ 06:18:26.098","七牛压缩成功","678,677","162fb4e1312e98b2b6cd29af07409785_1589005052668-watermark","287,307","162fb4e1312e98b2b6cd29af07409785_1589005052668-watermark-compress"
"May 9, 2020 @ 06:18:00.368","七牛压缩成功","880,743","108a236bb107afe84ae93e059be841ee_1589005069817-watermark","397,363","108a236bb107afe84ae93e059be841ee_1589005069817-watermark-compress"
"May 9, 2020 @ 06:17:53.898","七牛压缩成功","560,848","52b34d817ddba2429d06a298f62c0566_1589005064333-watermark","493,720","52b34d817ddba2429d06a298f62c0566_1589005064333-watermark-compress"
"May 9, 2020 @ 06:17:44.943","七牛压缩成功","530,794","2fccd28836722e2e98489ba230022cb8_1589005040056-watermark","215,109","2fccd28836722e2e98489ba230022cb8_1589005040056-watermark-compress"
"May 9, 2020 @ 06:17:44.891","七牛压缩成功","584,048","4330952f4dfe09763b2138a4b08054be_1589005040050-watermark","237,782","4330952f4dfe09763b2138a4b08054be_1589005040050-watermark-compress"
"May 9, 2020 @ 06:17:44.317","七牛压缩成功","637,325","f7365f66ea9479a3c8a8ee9ba666c963_1589005040055-watermark","258,660","f7365f66ea9479a3c8a8ee9ba666c963_1589005040055-watermark-compress"
"May 9, 2020 @ 06:17:44.218","七牛压缩成功","535,738","49ec3e8dcfeb8152b3efafa80ee9ad1f_1589005040042-watermark","216,172","49ec3e8dcfeb8152b3efafa80ee9ad1f_1589005040042-watermark-compress"
"May 9, 2020 @ 06:17:34.928","七牛压缩成功","647,195","o_1e7s16tcthioooqnsnjnbln0c-watermark","233,475","o_1e7s16tcthioooqnsnjnbln0c-watermark-compress"
"May 9, 2020 @ 06:16:54.211","七牛压缩成功","566,005","4f7643d0e253c359fbe48c7702a1e1f8_1589004998463-watermark","306,249","4f7643d0e253c359fbe48c7702a1e1f8_1589004998463-watermark-compress"
"May 9, 2020 @ 06:16:52.869","七牛压缩成功","901,417","2a8f258bebffa1e3176227511889b951_1589004989039-watermark","200,562","2a8f258bebffa1e3176227511889b951_1589004989039-watermark-compress"
"May 9, 2020 @ 06:15:46.120","七牛压缩成功","545,699","dfed915a0c64414c37461a6d6177b40f_1589004931054-watermark","475,945","dfed915a0c64414c37461a6d6177b40f_1589004931054-watermark-compress"
"May 9, 2020 @ 06:15:37.838","七牛压缩成功","673,535","b15fcb13cc5d64ab21bd38860d3a11eb_1589004918963-watermark","241,914","b15fcb13cc5d64ab21bd38860d3a11eb_1589004918963-watermark-compress"
"May 9, 2020 @ 06:15:13.055","七牛压缩成功","871,665","5a83442dbe0a624e1926572510f94daf_1589004931067-watermark","767,485","5a83442dbe0a624e1926572510f94daf_1589004931067-watermark-compress"
"May 9, 2020 @ 06:14:12.324","七牛压缩成功","613,727","dba542b86de30e8b9eb555ea8abc3349_1589004838668-watermark","529,722","dba542b86de30e8b9eb555ea8abc3349_1589004838668-watermark-compress"
"May 9, 2020 @ 06:12:48.356","七牛压缩成功","610,971","9a2bcb05c384fd77ae97fd96a70fdc38_1589004753353-watermark","527,986","9a2bcb05c384fd77ae97fd96a70fdc38_1589004753353-watermark-compress"
"May 9, 2020 @ 06:12:04.109","七牛压缩成功","518,925","89aa9538vodgzp1400077015-2674f9595285890802811010460-5285890802811010461.png","44,565","89aa9538vodgzp1400077015-2674f9595285890802811010460-5285890802811010461-compress"
"May 9, 2020 @ 06:11:32.380","七牛压缩成功","644,636","c5ff5e14ce7d0f2e566f0d86159e34c9_1589004674777-watermark","556,772","c5ff5e14ce7d0f2e566f0d86159e34c9_1589004674777-watermark-compress"
"May 9, 2020 @ 06:11:22.449","七牛压缩成功","619,271","d355dfdf6d285624d8769103fb65fbdf_1589004657678-watermark","533,662","d355dfdf6d285624d8769103fb65fbdf_1589004657678-watermark-compress"
"May 9, 2020 @ 06:10:23.525","七牛压缩成功","705,077","90324526435fb702e50c10e30d3bedb6_1589004616562-watermark","686,879","90324526435fb702e50c10e30d3bedb6_1589004616562-watermark-compress"
"May 9, 2020 @ 06:09:57.364","七牛压缩成功","530,564","7aaaa31539845bc6eac88ab17c9454c3_1589004588976-watermark","104,023","7aaaa31539845bc6eac88ab17c9454c3_1589004588976-watermark-compress"
"May 9, 2020 @ 06:09:57.273","七牛压缩成功","653,343","7aebe027ad401b9e8742c288c3ce68ba_1589004588978-watermark","158,844","7aebe027ad401b9e8742c288c3ce68ba_1589004588978-watermark-compress"
"May 9, 2020 @ 06:09:57.175","七牛压缩成功","613,547","2d3d24787db37f686cf1a61277af3bf7_1589004588977-watermark","150,729","2d3d24787db37f686cf1a61277af3bf7_1589004588977-watermark-compress"
"May 9, 2020 @ 06:09:32.565","七牛压缩成功","644,730","08f6ae6a04ffcdc532ab623c9144cae5_1589004561502-watermark","556,872","08f6ae6a04ffcdc532ab623c9144cae5_1589004561502-watermark-compress"
"May 9, 2020 @ 06:08:35.270","七牛压缩成功","627,636","93d16e5797de46983a63ac8396db9464_1589004486172-watermark","125,081","93d16e5797de46983a63ac8396db9464_1589004486172-watermark-compress"
"May 9, 2020 @ 06:08:34.879","七牛压缩成功","616,522","8cfc443d021f3f81d1c136d45af25e7e_1589004486155-watermark","122,057","8cfc443d021f3f81d1c136d45af25e7e_1589004486155-watermark-compress"
"May 9, 2020 @ 06:08:34.820","七牛压缩成功","602,125","55fb1211c953977e2602ae6a4d39cd84_1589004486161-watermark","116,965","55fb1211c953977e2602ae6a4d39cd84_1589004486161-watermark-compress"
"May 9, 2020 @ 06:08:34.725","七牛压缩成功","627,496","9ebbbf761659dcd55085c95bc8ab7c42_1589004486156-watermark","123,954","9ebbbf761659dcd55085c95bc8ab7c42_1589004486156-watermark-compress"
"May 9, 2020 @ 06:08:34.426","七牛压缩成功","636,349","bb5f610c84ccc5e1ad902396d2fa6f85_1589004486161-watermark","131,894","bb5f610c84ccc5e1ad902396d2fa6f85_1589004486161-watermark-compress"
"May 9, 2020 @ 06:08:34.029","七牛压缩成功","687,036","a748ef8951494a012bb7f596bfb1289c_1589004486166-watermark","146,059","a748ef8951494a012bb7f596bfb1289c_1589004486166-watermark-compress"
"May 9, 2020 @ 06:08:33.873","七牛压缩成功","680,112","792840d726c7dcf723730ff0878b6c7c_1589004486165-watermark","137,940","792840d726c7dcf723730ff0878b6c7c_1589004486165-watermark-compress"
"May 9, 2020 @ 06:08:33.391","七牛压缩成功","794,815","71ef3c112f91da9b68ca0a40d5368446_1589004486164-watermark","176,438","71ef3c112f91da9b68ca0a40d5368446_1589004486164-watermark-compress"
"May 9, 2020 @ 06:08:33.246","七牛压缩成功","679,661","f493a69870fc47bcc997a41dd9458300_1589004486172-watermark","138,500","f493a69870fc47bcc997a41dd9458300_1589004486172-watermark-compress"
"May 9, 2020 @ 06:06:59.082","七牛压缩成功","668,317","o_1e7s00khhhg01hkm4lo1ku9ugkq-watermark","168,651","o_1e7s00khhhg01hkm4lo1ku9ugkq-watermark-compress"
"May 9, 2020 @ 06:06:37.042","七牛压缩成功","883,855","ec060227d5987457c0b34f2b4484b2cd_1589004374735-watermark","785,272","ec060227d5987457c0b34f2b4484b2cd_1589004374735-watermark-compress"
"May 9, 2020 @ 06:06:34.841","七牛压缩成功","883,939","bca21711abc1e5bedd4d15d6ec838174_1589004374767-watermark","785,688","bca21711abc1e5bedd4d15d6ec838174_1589004374767-watermark-compress"
"May 9, 2020 @ 06:06:34.746","七牛压缩成功","946,067","becbec4e3e1eb7d57a3231fdc74ec726_1589004374777-watermark","841,561","becbec4e3e1eb7d57a3231fdc74ec726_1589004374777-watermark-compress"
"May 9, 2020 @ 06:06:34.495","七牛压缩成功","669,274","06db59fc96113eefef99cd52bda64c8f_1589004374761-watermark","595,170","06db59fc96113eefef99cd52bda64c8f_1589004374761-watermark-compress"
"May 9, 2020 @ 06:06:18.912","七牛压缩成功","961,558","798b38a1628801c224797015a9924625_1589004370498-watermark","836,745","798b38a1628801c224797015a9924625_1589004370498-watermark-compress"
"May 9, 2020 @ 06:05:53.210","七牛压缩成功","645,532","71e67fd07c34c1245ca31cf9f10f063d_1589004327203-watermark","557,613","71e67fd07c34c1245ca31cf9f10f063d_1589004327203-watermark-compress"
"May 9, 2020 @ 06:05:27.188","七牛压缩成功","649,579","2050be893b80bf44197bc600125a2494_1589004317638-watermark","561,985","2050be893b80bf44197bc600125a2494_1589004317638-watermark-compress"
"May 9, 2020 @ 06:05:26.823","七牛压缩成功","521,910","674911d3714d243008603de3edec7eb3_1589004401198-watermark","101,395","674911d3714d243008603de3edec7eb3_1589004401198-watermark-compress"
"May 9, 2020 @ 06:04:29.165","七牛压缩成功","609,708","1083e09f14075d24f94d6f821b20af12_1589004262895-watermark","525,139","1083e09f14075d24f94d6f821b20af12_1589004262895-watermark-compress"
"May 9, 2020 @ 06:04:28.222","七牛压缩成功","643,677","13e83f8baa6175458ff0846cf22e2a9d_1589004250560-watermark","556,836","13e83f8baa6175458ff0846cf22e2a9d_1589004250560-watermark-compress"
"May 9, 2020 @ 06:04:20.257","七牛压缩成功","1,017,100","bdf83e0bef0d4a808e60e3e2c9c0cb77_1589004245471-watermark","875,302","bdf83e0bef0d4a808e60e3e2c9c0cb77_1589004245471-watermark-compress"
"May 9, 2020 @ 06:04:19.168","七牛压缩成功","694,592","3923649723987b90d171941918232d07_1589004245397-watermark","571,842","3923649723987b90d171941918232d07_1589004245397-watermark-compress"
"May 9, 2020 @ 06:04:10.154","七牛压缩成功","531,539","c8f782917895c9cfee18c865e0915811_1589004235111-watermark","470,940","c8f782917895c9cfee18c865e0915811_1589004235111-watermark-compress"
"May 9, 2020 @ 06:04:10.152","七牛压缩成功","633,770","0dcfe9c3ec13ebd1be8d5dcb53bb6e34_1589004235112-watermark","564,316","0dcfe9c3ec13ebd1be8d5dcb53bb6e34_1589004235112-watermark-compress"
"May 9, 2020 @ 06:04:03.130","七牛压缩成功","627,735","cad004c92d381087a2122fe8facc6fd2_1589004230663-watermark","541,651","cad004c92d381087a2122fe8facc6fd2_1589004230663-watermark-compress"
"May 9, 2020 @ 06:03:54.017","七牛压缩成功","833,724","8098c3013caa8f756416665b897b7ab9_1589004218507-watermark","736,408","8098c3013caa8f756416665b897b7ab9_1589004218507-watermark-compress"
"May 9, 2020 @ 06:03:29.137","七牛压缩成功","547,218","7c430967242b4d1b_1589004194347056900827-watermark","234,606","7c430967242b4d1b_1589004194347056900827-watermark-compress"
"May 9, 2020 @ 06:03:28.400","七牛压缩成功","649,610","49e91a231349a104_1589004206956427493327.png","160,058","49e91a231349a104_1589004206956427493327-compress"
"May 9, 2020 @ 06:03:18.809","七牛压缩成功","534,808","b9d433ac4dc5403c1168c4b02dc99e68_1589004187463-watermark","123,420","b9d433ac4dc5403c1168c4b02dc99e68_1589004187463-watermark-compress"
"May 9, 2020 @ 06:01:56.032","七牛压缩成功","995,141","86aebc93fab5c96a2c6c8fa30b1ce63c_1589004094740-watermark","876,101","86aebc93fab5c96a2c6c8fa30b1ce63c_1589004094740-watermark-compress"
"May 9, 2020 @ 06:01:22.847","七牛压缩成功","649,908","5c25a7118b5f6c7ba4fa9e97a42f2042_1589004057738-watermark","560,334","5c25a7118b5f6c7ba4fa9e97a42f2042_1589004057738-watermark-compress"
"May 9, 2020 @ 06:00:46.077","七牛压缩成功","760,276","31c693a55da92aa68d8dbf9a4b5e5774_1589004033471-watermark","118,842","31c693a55da92aa68d8dbf9a4b5e5774_1589004033471-watermark-compress"
"May 9, 2020 @ 06:00:22.502","七牛压缩成功","793,623","9649b1e3185a90491ce5c6b1de40eb19_1589004013375-watermark","696,632","9649b1e3185a90491ce5c6b1de40eb19_1589004013375-watermark-compress"
"May 9, 2020 @ 05:59:57.085","七牛压缩成功","743,299","76a274e7d43444e6cf8d0d98b4673764_1589003986570-watermark","651,657","76a274e7d43444e6cf8d0d98b4673764_1589003986570-watermark-compress"
"May 9, 2020 @ 05:59:46.377","七牛压缩成功","660,377","dbf5ff6f99fedd1c_1589003975767766292413-watermark","272,284","dbf5ff6f99fedd1c_1589003975767766292413-watermark-compress"
"May 9, 2020 @ 05:58:57.086","七牛压缩成功","597,732","bd62203b2214cad254e7fdc86de0297c_1589003932490-watermark","515,583","bd62203b2214cad254e7fdc86de0297c_1589003932490-watermark-compress"
"May 9, 2020 @ 05:57:50.409","七牛压缩成功","604,172","6eacb094b5e71c8e25e3c89e940aa906_1589003864397-watermark","519,816","6eacb094b5e71c8e25e3c89e940aa906_1589003864397-watermark-compress"
"May 9, 2020 @ 05:57:03.006","七牛压缩成功","914,962","ee1391bf04c036bb023dd068654795b0_1589003815141","186,767","ee1391bf04c036bb023dd068654795b0_1589003815141-compress"
"May 9, 2020 @ 05:57:01.629","七牛压缩成功","1,011,201","d55caaa03b587b87cedfd9268427ffe4_1589003815143","222,779","d55caaa03b587b87cedfd9268427ffe4_1589003815143-compress"
"May 9, 2020 @ 05:57:01.314","七牛压缩成功","640,683","6797271c582701e3113ec07e91be23c4_1589003815115","145,684","6797271c582701e3113ec07e91be23c4_1589003815115-compress"
"May 9, 2020 @ 05:56:32.739","七牛压缩成功","708,516","126051c511a9b407015a484a4a0bdcfb_1589003785651-watermark","628,029","126051c511a9b407015a484a4a0bdcfb_1589003785651-watermark-compress"
"May 9, 2020 @ 05:56:08.421","七牛压缩成功","605,229","9cdb1f915588c0639ec3b02d860c0730_1589003747719-watermark","523,354","9cdb1f915588c0639ec3b02d860c0730_1589003747719-watermark-compress"
"May 9, 2020 @ 05:55:49.721","七牛压缩成功","539,186","7f85bfb0e64acdff87fbd50e018806d2_1589003738895-watermark","75,737","7f85bfb0e64acdff87fbd50e018806d2_1589003738895-watermark-compress"
"May 9, 2020 @ 05:55:41.849","七牛压缩成功","551,414","ca1d36df7b098872d3603e996ced7dda_1589003707811-watermark","131,198","ca1d36df7b098872d3603e996ced7dda_1589003707811-watermark-compress"
"May 9, 2020 @ 05:55:41.654","七牛压缩成功","864,101","23f5730649143869b4724ee5cb64fb5e_1589003707816-watermark","757,190","23f5730649143869b4724ee5cb64fb5e_1589003707816-watermark-compress"
"May 9, 2020 @ 05:55:40.896","七牛压缩成功","793,703","623606920f9cfe89b9f9eb8cfab7fe4a_1589003707792-watermark","694,971","623606920f9cfe89b9f9eb8cfab7fe4a_1589003707792-watermark-compress"
"May 9, 2020 @ 05:55:40.889","七牛压缩成功","675,037","b0bf205ddd84caf85d8c28fcaa2451d4_1589003707793-watermark","593,214","b0bf205ddd84caf85d8c28fcaa2451d4_1589003707793-watermark-compress"
"May 9, 2020 @ 05:55:40.872","七牛压缩成功","583,454","3b363488e3fe704ff868d5a4eba0a684_1589003707818-watermark","134,516","3b363488e3fe704ff868d5a4eba0a684_1589003707818-watermark-compress"
"May 9, 2020 @ 05:55:39.569","七牛压缩成功","787,620","0a2cae8ec1dcbfe1cdc89bad76b963dc_1589003707851-watermark","690,693","0a2cae8ec1dcbfe1cdc89bad76b963dc_1589003707851-watermark-compress"
"May 9, 2020 @ 05:55:38.732","七牛压缩成功","765,430","84ea29690a9bb00cb370e9a81079cdf5_1589003707813-watermark","177,877","84ea29690a9bb00cb370e9a81079cdf5_1589003707813-watermark-compress"
"May 9, 2020 @ 05:55:37.931","七牛压缩成功","664,621","92662be32754dd8b2e153b418a1a17ea_1589003707858-watermark","583,146","92662be32754dd8b2e153b418a1a17ea_1589003707858-watermark-compress"
"May 9, 2020 @ 05:55:37.473","七牛压缩成功","537,386","e5c42a8306b63218f75c1cbccab85ede_1589003707817-watermark","107,449","e5c42a8306b63218f75c1cbccab85ede_1589003707817-watermark-compress"
"May 9, 2020 @ 05:55:36.863","七牛压缩成功","764,208","6d946c9f7586f65c51fc5f07d3608b6d_1589003707831-watermark","674,357","6d946c9f7586f65c51fc5f07d3608b6d_1589003707831-watermark-compress"
"May 9, 2020 @ 05:55:35.990","七牛压缩成功","793,671","1fd61a597b70ce07b162c56afb442bcb_1589003707850-watermark","702,711","1fd61a597b70ce07b162c56afb442bcb_1589003707850-watermark-compress"
"May 9, 2020 @ 05:55:34.418","七牛压缩成功","555,555","4f07b9fc11ff9c5e6d522ac2bf3db3e1_1589003707795-watermark","483,202","4f07b9fc11ff9c5e6d522ac2bf3db3e1_1589003707795-watermark-compress"
"May 9, 2020 @ 05:55:33.259","七牛压缩成功","733,566","e04f9d56d3178b56a51c6cea3d198552_1589003707791-watermark","149,052","e04f9d56d3178b56a51c6cea3d198552_1589003707791-watermark-compress"
"May 9, 2020 @ 05:55:17.257","七牛压缩成功","1,016,591","e6a711cfe6912d491b831f4692304195_1589003696249-watermark","901,989","e6a711cfe6912d491b831f4692304195_1589003696249-watermark-compress"
"May 9, 2020 @ 05:54:34.233","七牛压缩成功","563,508","d756f92721cec783_1589003661083758915777-watermark","223,318","d756f92721cec783_1589003661083758915777-watermark-compress"
"May 9, 2020 @ 05:54:34.204","七牛压缩成功","513,258","d756f92721cec783_1589003661852363287819-watermark","209,557","d756f92721cec783_1589003661852363287819-watermark-compress"
"May 9, 2020 @ 05:54:34.123","七牛压缩成功","568,171","d756f92721cec783_1589003662635943889911-watermark","233,084","d756f92721cec783_1589003662635943889911-watermark-compress"
"May 9, 2020 @ 05:54:09.127","七牛压缩成功","551,937","15133e7e5ce12914917551351a9e3bfb_1589003638853-watermark","475,299","15133e7e5ce12914917551351a9e3bfb_1589003638853-watermark-compress"
"May 9, 2020 @ 05:53:52.331","七牛压缩成功","914,408","1412f6638d20f280_1589003624687872615959-watermark","396,700","1412f6638d20f280_1589003624687872615959-watermark-compress"
"May 9, 2020 @ 05:53:27.871","七牛压缩成功","583,844","43db0abd9e9f8a6eeb57cb912b9e0093_1589032551126","93,962","43db0abd9e9f8a6eeb57cb912b9e0093_1589032551126-compress"
"May 9, 2020 @ 05:53:27.775","七牛压缩成功","548,585","6c10c922608cf82d5dd46858e7fa4c9c_1589032551114","91,116","6c10c922608cf82d5dd46858e7fa4c9c_1589032551114-compress"
"May 9, 2020 @ 05:53:27.401","七牛压缩成功","517,254","b82e8a768c379dfacffaaaff07ce0c15_1589032551089","82,828","b82e8a768c379dfacffaaaff07ce0c15_1589032551089-compress"
"May 9, 2020 @ 05:53:27.199","七牛压缩成功","613,733","aec78d600285e0f9954c8fd782952bdf_1589032551115","107,729","aec78d600285e0f9954c8fd782952bdf_1589032551115-compress"
"May 9, 2020 @ 05:53:26.954","七牛压缩成功","636,496","1d7d926acd0be2154d1742684ba9465e_1589032551061","103,095","1d7d926acd0be2154d1742684ba9465e_1589032551061-compress"
"May 9, 2020 @ 05:53:26.585","七牛压缩成功","621,114","fc01159db6e2b0f2fea8c2f73658346c_1589032551024","104,493","fc01159db6e2b0f2fea8c2f73658346c_1589032551024-compress"
"May 9, 2020 @ 05:53:26.498","七牛压缩成功","565,164","e5e1cabd31ca4d074eba084cf240baf6_1589032551068","93,924","e5e1cabd31ca4d074eba084cf240baf6_1589032551068-compress"
"May 9, 2020 @ 05:53:02.924","七牛压缩成功","634,924","89aa9538vodgzp1400077015-e0fdde9a5285890802810389799-5285890802810389801.png","560,794","89aa9538vodgzp1400077015-e0fdde9a5285890802810389799-5285890802810389801-compress"
"May 9, 2020 @ 05:52:54.383","七牛压缩成功","881,203","d0e5381b7aa39bfcc02d38f854797a95_1589003557524-watermark","772,635","d0e5381b7aa39bfcc02d38f854797a95_1589003557524-watermark-compress"
"May 9, 2020 @ 05:52:26.918","七牛压缩成功","519,080","a8d6d1631719793b_1589003538027419351223.png","76,306","a8d6d1631719793b_1589003538027419351223-compress"
"May 9, 2020 @ 05:51:53.444","七牛压缩成功","604,385","f860b8900ca9c852af7dce5049f32619_1589003488988-watermark","520,334","f860b8900ca9c852af7dce5049f32619_1589003488988-watermark-compress"
"May 9, 2020 @ 05:51:38.805","七牛压缩成功","865,517","1fa5d21ffb4f4c6b95ff690f63329fa0_1589003481334-watermark","760,016","1fa5d21ffb4f4c6b95ff690f63329fa0_1589003481334-watermark-compress"
"May 9, 2020 @ 05:51:27.289","七牛压缩成功","535,256","5b00aa75fa80eb5f_1589003478157104284258-watermark","204,489","5b00aa75fa80eb5f_1589003478157104284258-watermark-compress"
"May 9, 2020 @ 05:51:10.830","七牛压缩成功","652,315","afe42d3a222577ef5e986d9c755b29c0_1589003459581-watermark","111,677","afe42d3a222577ef5e986d9c755b29c0_1589003459581-watermark-compress"
"May 9, 2020 @ 05:49:21.042","七牛压缩成功","633,770","0dcfe9c3ec13ebd1be8d5dcb53bb6e34_1589003353841-watermark","564,316","0dcfe9c3ec13ebd1be8d5dcb53bb6e34_1589003353841-watermark-compress"
"May 9, 2020 @ 05:48:30.374","七牛压缩成功","622,873","c21b5958ed35e36ebd708721375b52c8_1589003294082-watermark","536,662","c21b5958ed35e36ebd708721375b52c8_1589003294082-watermark-compress"
"May 9, 2020 @ 05:47:30.087","七牛压缩成功","520,025","d628d53f94eb8a734135800e3f31f674_1589003247935","244,659","d628d53f94eb8a734135800e3f31f674_1589003247935-compress"
"May 9, 2020 @ 05:47:22.570","七牛压缩成功","600,888","0225e590b53f85a36399646ddbb2345c_1589003231556-watermark","518,913","0225e590b53f85a36399646ddbb2345c_1589003231556-watermark-compress"
"May 9, 2020 @ 05:46:55.727","七牛压缩成功","539,833","89aa9538vodgzp1400077015-de4d90c25285890802810238053-5285890802810238054.png","63,864","89aa9538vodgzp1400077015-de4d90c25285890802810238053-5285890802810238054-compress"
"May 9, 2020 @ 05:46:05.547","七牛压缩成功","587,332","a6d2a77fb69f3cdd968fe8f4253014c4_1589003144450-watermark","505,722","a6d2a77fb69f3cdd968fe8f4253014c4_1589003144450-watermark-compress"
"May 9, 2020 @ 05:44:57.713","七牛压缩成功","619,572","d90b867715504fc80f3cff9490794d3a_1589003089203-watermark","607,827","d90b867715504fc80f3cff9490794d3a_1589003089203-watermark-compress"
"May 9, 2020 @ 05:43:50.439","七牛压缩成功","626,308","9eb591a54057b2b77b67e28bce2af159_1589003018920-watermark","541,854","9eb591a54057b2b77b67e28bce2af159_1589003018920-watermark-compress"
"May 9, 2020 @ 05:43:34.156","七牛压缩成功","582,877","5e4412904339ac5da88429cf473dd38f_1589003005872-watermark","503,563","5e4412904339ac5da88429cf473dd38f_1589003005872-watermark-compress"
"May 9, 2020 @ 05:43:33.750","七牛压缩成功","725,358","d1085bdd42647a73fb3a70b91cdaa6f6_1589003004662-watermark","626,498","d1085bdd42647a73fb3a70b91cdaa6f6_1589003004662-watermark-compress"
"May 9, 2020 @ 05:42:53.279","七牛压缩成功","603,122","abf6d9eda22f5bad8ccb4d72b8797d4e_1589002974561","520,192","abf6d9eda22f5bad8ccb4d72b8797d4e_1589002974561-compress"
"May 9, 2020 @ 05:42:41.811","七牛压缩成功","520,801","314e0a1b147afa6b_1589002945861378713369-watermark","197,079","314e0a1b147afa6b_1589002945861378713369-watermark-compress"
"May 9, 2020 @ 05:39:53.325","七牛压缩成功","745,557","457558576687ad877db761ac93bf6d88_1589002786375-watermark","653,388","457558576687ad877db761ac93bf6d88_1589002786375-watermark-compress"
"May 9, 2020 @ 05:39:36.185","七牛压缩成功","555,736","7343643d991d7095c16aea47bba4f643_1589002764001-watermark","136,675","7343643d991d7095c16aea47bba4f643_1589002764001-watermark-compress"
"May 9, 2020 @ 05:39:31.727","七牛压缩成功","729,269","d929a652449bb1be9dd2b362e8f1c709_1589002764638","494,793","d929a652449bb1be9dd2b362e8f1c709_1589002764638-compress"
